{
  "version": "1.2.1",
  "manifest_version": 2,
  "name": "Themer Dark",
  "theme": {
    "colors": {
      "bookmark_text": [
        195,
        195,
        195
      ],
      "frame": [
        41,
        44,
        51
      ],
      "ntp_background": [
        30,
        33,
        38
      ],
      "ntp_text": [
        195,
        195,
        195
      ],
      "tab_background_text": [
        195,
        195,
        195
      ],
      "tab_background_text_inactive": [
        195,
        195,
        195
      ],
      "tab_background_text_incognito": [
        195,
        195,
        195
      ],
      "tab_background_text_incognito_inactive": [
        195,
        195,
        195
      ],
      "tab_text": [
        195,
        195,
        195
      ],
      "toolbar": [
        30,
        33,
        38
      ],
      "omnibox_text": [
        195,
        195,
        195
      ],
      "omnibox_background": [
        41,
        44,
        51
      ]
    },
    "tints": {
      "buttons": [
        0.5074626865671642,
        0.5,
        0.5
      ],
      "frame_inactive": [
        -1,
        -1,
        -1
      ],
      "frame_incognito": [
        0.43351063829787223,
        1,
        0.55
      ],
      "frame_incognito_inactive": [
        0.43351063829787223,
        1,
        0.55
      ]
    }
  }
}